1,285,6.5,219.5,62,96,90,23.2,7.8,34,0.19,0.22,0.6,20.2,0,11.26086957,1
0.3,154.8,6.7,119.2,18,50,34,2.4,6.8,30,0.28,0.16,0,14.3,0,0,1
0.6,489,6.5,376.5,46,184,186,44.8,17.9,30,0.2,0.16,0,19.2,0,11.26086957,1
0.7,390,6.9,300.3,30,128,150,35.2,15.1,26,0.46,0.12,0,21.5,506.199241,11.26086957,1
0.5,151.3,6.7,116.5,20,52,14,4,0.9,30,0.12,0,0,11.2,0,11.26086957,1
0.3,369,7.7,284.1,14,150,142,32.8,14.6,46,0.21,0.3,0,34.5,0,11.26086957,1
0.4,359,6.5,276.4,6,42,138,36.04,11.7,70,0.43,0,29.5,22.5,506.199241,11.26086957,1
0.7,263,6.5,202.5,28,90,74,12.01,10.7,34,0.24,0.07,0,18.9,506.199241,11.26086957,1
1,260,6.7,200.2,16,96,94,27.2,6.3,26,0.18,0.14,0,34.4,0,0,1
0.9,263,7.1,202.5,18,52,11,33,7.8,50,0.3,0.14,0,15.2,506.199241,11.26086957,1
0.1,127.3,6.9,98,8,34,0.6,1.6,0.4,38,0.03,0.3,9.975805169,16.2,0,11.26086957,1
0.2,154,6.7,118.5,10,40,6,1.6,0.4,26,0.53,0.07,9.975805169,10.5,0,11.26086957,1
0.6,333,6.8,256.4,36,86,154,38.4,14.1,14,0.08,0.11,0,11.6,0,11.26086957,1
0.9,348,6.5,267.9,28,46,74,14.4,9.2,74,0.14,0.12,9.975805169,14,0,11.26086957,1
0.9,93.8,6.6,72.2,10,34,20,4.8,1.9,22,0.07,0.3,9.975805169,4.1,0,11.26086957,1
1,110.5,7.6,85,4,30,28,8.01,1.9,18,0.28,0.28,9.975805169,2.4,0,11.26086957,1
0.9,546,6.8,420.4,24,128,100,31.2,5.3,52,0.29,0.3,9.975805169,57.6,0,0,1
0.8,327,6.8,251.8,36,92,112,44.1,0.5,32,0.16,0.29,3.4,20.3,0,11.26086957,1
1,74,6.6,56.9,46,22,20,4,2.4,30,0.19,0.3,0,4.5,506.199241,11.26086957,1
0.8,154.8,6.5,119.2,42,8,16,4.01,1.5,90,0.19,0.21,0.9,14.2,0,0,1
0.4,66.8,7.7,51.4,22,20,12,2.4,1.5,54,0.09,0.14,0,12.2,0,11.26086957,1
0.7,225,6.5,173.3,14,60,40,12.8,1.9,42,0.48,0.3,5.53,11.2,0,11.26086957,1
0.7,503,6.5,387.3,44,66,120,43.3,2.9,66,0.42,0.19,15.3,21.5,0,11.26086957,1
1,334,6.8,257.2,42,66,76,20.8,5.8,56,0.18,0.19,0,36.4,506.199241,11.26086957,1
0.8,271,7.5,208.7,14,56,78,32.8,1.9,50,0.12,0.18,8.4,18.9,0,11.26086957,1
0.5,66.8,6.8,51.4,10,26,26,6.4,2.4,24,0.09,0.3,0,7.8,506.199241,11.26086957,1
0.9,320,6.8,246.4,70,42,118,33.6,8.3,38,0,0.16,9.3,21.3,0,11.26086957,1
0.5,387,6.6,297.9,18,54,26,5.6,2.9,48,0.21,0.2,1.3,8.2,0,11.26086957,1
0.3,270,6.5,207.9,12,54,68,16,6.8,40,0.08,0.2,6.73,6.1,0,11.26086957,1
0.6,131.6,6.6,101.3,8,48,40,9.6,3.9,20,0.06,0.3,1.4,3.5,0,11.26086957,1
0.5,202,6.7,155.5,8,18,42,10.4,3.9,38,0.18,0.27,6.5,6.8,0,11.26086957,1
0.5,465,7.1,358,16,70,12,3.2,0.9,24,0.47,0.29,0.7,7.7,506.199241,11.26086957,1
0.9,236,6.5,181.7,22,58,72,20.8,4.9,32,0.41,0.2,1.9,8.9,506.199241,11.26086957,1
1,246,6.5,189.4,10,70,78,16.8,8.7,26,0,0.18,5.13,8.2,0,11.26086957,1
0.8,317,8,244.1,10,86,130,39.2,7.8,40,0.24,0.1,0.79,10.8,0,11.26086957,1
0.4,81,7.2,62.4,8,22,38,8.01,4.4,40,0.14,0.2,0.97,3.3,0,11.26086957,1
0.8,509,8.1,391.9,16,170,174,44.9,15.1,50,0.55,0.26,3.1,13.9,0,11.26086957,1
0.6,452,8.3,348.1,10,96,122,33.6,9.2,42,0.18,0.26,6.91,5.7,0,11.26086957,1
0.2,307,7.3,236.4,16,102,102,25.6,9.2,32,0.12,0.22,0.44,10.9,0,11.26086957,1
0.3,384,8.5,295.6,14,132,78,20.8,6.3,32,0.2,0.2,1.9,8.6,0,11.26086957,1
0.4,442,7.1,340.3,14,178,126,36,8.7,30,0.4,0.27,0,10.4,506.199241,11.26086957,1
0.2,472,7.1,363,14,140,166,52.9,8.3,42,0.07,0.27,3.63,7.7,506.199241,11.26086957,1
0.2,526,6.5,405.02,32,132,146,41.7,10.2,60,0.18,0.3,3.23,9.7,0,11.26086957,1
0.3,445,6.8,342.6,18,126,70,12,9.7,46,0.2,0.26,0.17,13.6,0,11.26086957,1
0.5,165.4,6.7,127.3,12,54,30,4,4.9,24,0.3,0.14,0,8.1,0,11.26086957,1
0.1,31.5,7,24.3,6,12,6,0,1.5,10,0.16,0.11,5.8,0.98,0,11.26086957,1
0.1,28.5,6.7,21.9,6,20,8,4.8,0.5,10,0.28,0.14,0.9,0.95,0,11.26086957,1
0.1,213,6.7,164,14,30,58,15.2,6.9,52,0.11,0.21,0.9,10.9,0,0,1
0.9,62.3,6.6,47.9,8,22,14,3.2,1.5,16,0.16,0.3,2.2,1.1,0,11.26086957,1
0.5,65.6,6.8,50.5,6,26,18,4.8,1.5,16,0.14,0.3,2.6,1.2,0,11.26086957,1
0.9,65.6,6.8,50.5,6,26,18,4.8,1.5,16,0.14,0.3,2.6,1.2,0,11.26086957,1
0.5,311,7,239.5,14,82,102,32.8,4.9,28,0.2,0.2,2.6,12.6,0,11.26086957,1
0.5,255,7.1,196.4,18,54,68,15.2,7.3,20,0.26,0.04,12.9,10.7,0,0,1
0.3,633,7.9,487.4,4,210,20,3.2,2.9,28,0.55,0.04,7.7,25.9,0,11.26086957,1
1,410,7.6,315.7,10,98,36,8.8,3.4,48,0.4,0.29,2.3,41.2,0,11.26086957,1
0.9,114.8,8.3,88.4,18,34,22,6.4,1.5,20,0.19,0.1,1.8,1.9,0,11.26086957,1
0.8,114.8,8.2,88.4,18,34,22,6.4,1.5,20,0.16,0.12,1.8,1.7,0,11.26086957,1
0.5,236,6.8,181.7,22,38,66,19.2,4.4,34,0.36,0.04,2.9,4.6,0,11.26086957,1
1,276,6.7,212.5,20,16,80,17.6,8.7,6,0.29,0.27,9.975805169,7.4,0,11.26086957,1
0.7,128.3,6.7,98.79,6,80,46,12.8,3.4,26,0.17,0.14,9.975805169,1.5,0,11.26086957,1
1,185.5,6.9,142.8,50,150,140,48.9,4.4,42,0.8,0.08,9.975805169,3.4,0,11.26086957,1
0.1,607,7.6,467.4,34,198,176,39.2,18.9,38,0.52,0.3,9.975805169,6.4,506.199241,11.26086957,1
0.3,77.5,6.7,59.6,10,24,22,2.01,1.9,28,0.52,0.21,9.975805169,0.7,0,11.26086957,1
0.8,220,6.5,169.4,32,42,44,12.8,2.9,24,0.12,0.22,9.975805169,0.9,0,11.26086957,1
0.6,97.8,6.9,75.3,10,26,26,8.01,1.5,26,0.31,0.18,9.975805169,4.2,506.199241,11.26086957,1
0.1,212,8.5,163.2,10,56,40,10.4,3.4,44,0.08,0.1,9.975805169,9.5,506.199241,11.26086957,1
0.7,117.2,7.4,902.4,28,120,100,24.8,9.2,160,0.19,0.3,0,21.2,0,11.26086957,2
0.2,319,5.1,245.6,72,80,130,26.4,15.6,20,0.2,0.29,0,18.1,0,11.26086957,2
0.3,121.2,5.7,93.3,32,48,36,6.4,4.9,28,0.62,0.3,2.01,10.9,0,11.26086957,2
0.8,978,6.7,753.1,24,116,284,58.5,33.5,34,0.49,0,0,82.5,0,11.26086957,2
0.8,185.5,5.8,142.8,24,50,42,15.2,0.97,34,0.01,0.22,1.24,16.3,0,11.26086957,2
0.8,97.2,4.9,74.8,50,10,18,2.4,2.9,30,0.18,0.29,14.9,2.6,506.199241,11.26086957,2
1,374,6.2,287.9,2,40,90,29.6,3.9,52,0.22,0.16,23.2,10.2,0,11.26086957,2
0.6,69.4,5.1,53.4,52,62.39102773,1,22,3.2,3.4,22,0.07,0.09,0,0,11.26086957,2
0.4,72.9,4.9,56.13,60,12,16,4.02,1.5,30,0.23,0.07,0.39,6.1,0,11.26086957,2
1,368,0.2,283.4,64,42,106,21.6,12.6,50,0.3,0.27,17.5,14.8,506.199241,11.26086957,2
0.2,315,6,242.6,60,42,92,28.8,4.9,38,0.11,0.3,23.2,10.7,0,11.26086957,2
1,135.4,5.7,104.3,60,12,38,5.6,5.8,30,0.11,0.29,5.6,10.7,506.199241,11.26086957,2
0.1,21.7,6.3,16.7,12,10,6,1.6,0.5,26,0.15,0.21,0,1.2,0,0,2
0.4,190,5.9,146.3,52,18,52,9.6,6.8,28,0.2,0.25,12.8,7.9,0,0,2
0.6,221,5.4,170.1,40,18,30,8.01,2.4,42,0.2,0.1,9.975805169,12.3,0,11.26086957,2
1,83.3,5.9,64.1,56,28,26,5.6,2.9,28,0.18,0.12,2.4,1.6,0,11.26086957,2
0.9,284,6.1,218.7,16,62,64,16.8,5.3,54,0.2,0.2,34.1,3.9,506.199241,11.26086957,2
0.8,45.1,6.1,34.7,16,12,24,2.4,7.3,20,0.12,0.14,2.6,0.4,506.199241,11.26086957,2
0.5,673,7.7,518.2,58,82,250,57.7,25.8,40,0.2,0.3,0,22.4,0,11.26086957,2
0.4,177,4.1,136.3,52,12,28,7.2,2.4,40,0.09,0.24,28.9,0.5,0,11.26086957,2
0.3,194.4,3.6,149.7,38,18,36,8.01,3.9,36,0.16,0.2,20.5,4.4,506.199241,11.26086957,2
0.4,124.9,4.8,96.2,38,12,22,3.2,3.4,24,0.1,0.12,22.3,0.7,0,11.26086957,2
0.6,201,5.6,154.8,58,24,50,9.6,6.3,30,0.22,0.16,25.8,9.9,0,11.26086957,2
0.7,155,6.1,119.4,4,62,38,7.2,4.9,52,0.18,0.26,4.9,10.2,0,11.26086957,2
0.8,221,5.8,170.2,56,18,50,12,4.9,62,0.24,0.29,16.6,10.3,0,0,2
0.7,155,4.7,119.4,54,6,28,3.2,4.9,44,0.14,0.19,23.7,7.9,506.199241,11.26086957,2
1,728,7,560.6,60,154,268,80.1,16.5,102,0.24,0.19,0,32.8,0,0,2
0.2,260,6.2,200.2,20,56,22,4.8,2.4,36,0.59,0.1,9.8,21.9,0,11.26086957,2
0.4,45.7,5.4,35.2,34,26,16,2.4,2.4,20,0.21,0.1,0,5.2,0,0,2
0.5,45.4,5.3,34.9,32,14,10,1.6,1.5,26,0.2,0.09,2.2,4.3,0,11.26086957,2
1,225,5.7,173.3,16,20,46,7.2,6.8,46,0.22,0.19,22.5,24.8,506.199241,11.26086957,2
0.8,559,6.3,430.4,32,124,304,45.6,46.2,60,0.26,0.21,15.4,48.6,506.199241,11.26086957,2
0.2,256,6.3,197.1,22,68,90,16.8,11.7,30,0.39,0.23,0,12.5,506.199241,11.26086957,2
0.9,22,5.3,16.9,56,18,6,1.6,0.5,16,0.12,0.19,0,1.2,0,11.26086957,2
0.1,73.9,5.4,56.9,18,30,20,6.4,0.97,24,0.3,0.18,0,5.3,0,11.26086957,2
1,712,6.8,548.2,10,188,214,57.7,17,96,0.09,0.3,2.2,12.4,506.199241,11.26086957,2
0.3,138.4,5.4,106.6,34,42,48,11.2,4.9,32,0.03,0.24,4.78,4.9,0,11.26086957,2
0.3,155.3,6.1,119.6,14,30,44,10.4,4.4,36,0.16,0.29,5.13,5.9,0,11.26086957,2
0.3,243,4.8,187.1,56,18,38,8.8,3.9,50,0.02,0.29,4.2,6.9,0,11.26086957,2
0.7,495,6.2,3811.5,12,60,260,81.7,136,880,0.2,0.3,6.7,33.6,506.199241,11.26086957,2
0.8,2370,6.5,1824.9,24,240,452,127.4,32.6,412,0.38,0.27,1.9,33.9,506.199241,11.26086957,2
0.1,158.6,5.1,122.1,44,22,26,3.2,4.4,36,0.07,0.28,1.99,6.4,0,11.26086957,2
0.2,911,6.5,701.5,22,100,330,94.5,22.8,120,0.62,0.28,2.25,19.1,0,11.26086957,2
0.8,3010,7.4,2317.7,28,46,212,56.1,17.5,148,0.2,0.3,9.03,35.8,0,11.26086957,2
0.3,408,5.7,314.2,58,46,124,35.2,8.7,34,0.56,0.3,4.69,9,506.199241,11.26086957,2
0.3,115.1,6.9,886.3,16,196,162,37.6,16.5,160,0.1,0.21,5,20.6,0,11.26086957,2
0.5,327,5.2,251.7,46,30,44,8.8,5.3,64,0.19,0.18,1.4,10.9,0,11.26086957,2
0.9,320,6,246.4,22,86,88,31.2,2.4,46,0.38,0.28,1.6,9.1,506.199241,11.26086957,2
0.3,2800,7,2156,40,344,364,64.2,49.6,268,0.56,0.14,0.31,28,0,11.26086957,2
1,97.9,5.7,75.4,12,26,32,4.8,4.9,28,0.18,0.29,4.5,4.2,0,0,2
1,253,5.7,194.8,22,42,74,21.6,4.9,42,0.09,0.3,5.6,9.1,0,11.26086957,2
0.2,105,4.7,80.9,44,12,10,0,2.4,26,0.38,0.04,28.5,5.8,0,11.26086957,2
0.6,210,5.8,161.7,16,12,30,5.6,3.9,42,0.28,0.06,19.4,8.2,0,11.26086957,2
0.6,127.9,5,98.4,50,8,16,4.8,0.97,32,0.28,0.1,13.8,3.8,0,11.26086957,2
0.1,255,5.8,196.4,50,30,52,15.2,3.4,42,0.24,0.24,18.4,4.3,506.199241,11.26086957,2
0.6,75.4,6.1,58.1,14,28,20,5.6,1.5,16,0.33,0.21,2.6,2.1,506.199241,11.26086957,2
1,188.7,6.3,141.4,20,44,62,17.6,4.4,20,0.26,0.28,1.1,3.8,506.199241,11.26086957,2
0.1,68.9,6.1,53.1,6,18,12,3.2,0.97,16,0.32,0.03,9.975805169,1.4,0,11.26086957,2
1,49.2,6,37.8,6,24,18,5.6,0.97,16,0.11,0.03,9.975805169,2.1,506.199241,11.26086957,2
0.3,45.9,5.8,35.3,18,16,6,1.6,0.5,14,0.39,0.04,9.975805169,1.1,0,11.26086957,2
0.2,118.1,5.9,90.9,14,28,32,11.2,0.97,26,0.5,0.08,13.1,4.3,0,11.26086957,2
0.7,252,5.4,194,44,18,46,12,3.9,36,0.13,0.03,33,13.6,0,11.26086957,2
1,206,6,158.6,32,40,60,20.8,1.9,34,0.39,0.09,1.8,12.5,0,11.26086957,2
0.8,192.6,5.2,148.3,28,16,18,5.6,0.9,50,0.31,0.21,9.975805169,17.6,0,11.26086957,2
0.7,674,7.6,518.9,40,278,288,40.1,45.2,46,0.29,0.3,9.975805169,15.3,0,11.26086957,2
0.2,104.5,6.3,80.5,18,36,120,36.04,7.3,22,0.04,0.22,9.975805169,6.9,506.199241,11.26086957,2
0.4,350,5.2,269.5,60,14,60,7.2,10.2,98,0.1,0.27,9.975805169,12.7,0,0,2
0.8,104.5,5.5,80.5,36,20,34,8.01,3.4,32,0.09,0.21,9.975805169,0.3,506.199241,11.26086957,2
0.1,255,5.9,196.3,28,28,68,20,4.4,42,0.29,0.28,9.975805169,5.1,506.199241,11.26086957,2
0.3,91,5.5,70.1,14,18,34,5.6,4.9,24,0.21,0,9.975805169,0.5,0,11.26086957,2
0.7,290,5.8,223.3,24,16,50,13.6,3.9,60,0.12,0.2,9.975805169,3.5,0,11.26086957,2
0.3,364,6.3,280.3,50,88,110,28.03,9.7,60,0.42,0.14,9.975805169,11.7,0,0,2
0.5,192.2,5.7,147.9,90,44,20,4,2.4,38,0.12,0.28,9.975805169,6.7,0,0,2
0.8,87.6,5.8,67.5,34,18,24,7.2,1.5,34,0.21,0.3,9.975805169,1.9,506.199241,11.26086957,2
0.8,25.9,6.2,19.9,10,14,12,3.2,0.9,10,0.57,0.27,9.975805169,2.4,0,0,2
0.1,57.3,5.9,44.12,34,12,10,2.4,0.9,26,0.09,0.19,9.975805169,0.3,0,11.26086957,2
5,879,6.5,676.8,44,182,218,58.5,17.5,56,0.7,0.52,0,45.9,506.199241,11.26086957,3
5.9,253,6.9,194.8,20,100,76,16,8.7,24,0.67,0.63,0,28.3,506.199241,11.26086957,3
13.1,299,6.6,230.2,36,102,76,21.6,5.3,28,0.41,0.53,0,16.9,506.199241,11.26086957,3
6.8,337,5,259.5,50,22,66,15.2,6.8,58,0.19,0.18,17.5,31.2,506.199241,11.26086957,3
0.2,25.4,6.8,19.6,16,14,12,0.8,2.4,20,0.1,0.69,0,2.7,0,11.26086957,3
1.2,399,7,307.2,52,80,154,34.4,16.5,24,0.29,0.35,2.8,12.3,0,0,3
2,334,6.5,257.2,40,124,114,34.4,6.3,30,0.54,0.12,0,9.5,506.199241,11.26086957,3
4.8,52.7,5.5,40.6,10,24,54,8.01,8.3,20,0.34,0.38,0,14.9,0,11.26086957,3
4.2,464,6.5,357.5,28,198,146,40.8,10.7,34,0.3,0.52,0,40.3,0,0,3
2.2,63.3,4.6,48.5,54,20,10,2.4,0.9,28,0.04,0.47,0,1.5,506.199241,11.26086957,3
1.7,232,6.5,178.6,26,40,40,13.6,1.5,32,0.38,0.39,8.2,16.9,0,11.26086957,3
21.4,210,6.3,161.7,44,96,64,14.7,6.8,22,0.03,0.21,0,12.5,506.199241,11.26086957,3
9.2,170,6.5,592.9,34,162,298,64.1,33.5,120,0.25,0.52,4.21,62.5,0,11.26086957,3
3.3,278,6.1,214.1,22,80,96,21.6,10.2,40,0.02,0.41,4.6,14.9,0,11.26086957,3
1.4,599,7.2,461.2,18,228,212,60.1,15.1,40,0.47,0.21,0,51.9,506.199241,11.26086957,3
3.8,346,7.9,266.4,8,144,92,32.04,2.9,36,0.12,0.52,1.2,13.5,506.199241,11.26086957,3
6.3,360,5.9,277.2,24,18,82,17.6,9.2,36,0.31,0.98,0,12.5,0,0,3
2.7,187.4,6.32,144.3,20,28,50,2.4,10.7,26,0.22,0.62,2.6,10.7,506.199241,11.26086957,3
4.9,142.3,5.8,109.6,36,26,40,8.01,4.9,10,0.28,1.1,4.2,7.2,506.199241,11.26086957,3
8.2,350,6.5,269.5,14,56,142,36.7,12.6,26,0.07,0.42,10.4,18.3,506.199241,11.26086957,3
2.7,128.4,6.3,98.9,20,24,30,10.4,0.9,32,0.16,0.49,2.6,7.9,506.199241,11.26086957,3
2.8,128,6.5,98.5,24,30,40,9,3.9,32,0.18,0.56,11.8,8.2,506.199241,11.26086957,3
12.5,360,6.7,1047,34,116,394,81.7,46.2,308,0.5,0.79,9.975805169,121.6,506.199241,11.26086957,3
6.3,187.4,6.2,144.3,18,24,56,14.4,4.9,38,0.2,0.75,0.67,19.2,506.199241,11.26086957,3
7.4,180.5,6.3,138.9,24,36,46,11.2,4.4,34,0.2,0.7,5.1,4,506.199241,11.26086957,3
2.1,62.4,6.4,48.05,10,44,18,3.2,1.9,22,0.16,0.36,0,1.6,506.199241,11.26086957,3
8.4,79.8,6.9,61.4,16,32,44,14.4,1.9,48,0.11,2.6,3.4,3.6,506.199241,11.26086957,3
2.5,427,6.7,328.8,42,108,180,44.9,16.5,36,0.39,0.38,0,14.4,506.199241,11.26086957,3
17.1,587,6.5,451.9,78,118,192,29.6,28.7,26,0.38,0.49,0,72.1,506.199241,11.26086957,3
1.2,344,6.8,264.9,58,84,116,36.8,5.8,44,0.31,0.5,0,26.2,0,11.26086957,3
5.3,70.3,5.9,54.1,36,16,14,4.8,0.49,16,0.66,2.14,0,10.4,0,0,3
2,306,6.1,235.6,62,80,116,38.4,4.9,32,0.56,0.24,0,24.5,0,11.26086957,3
1.5,615,6.3,473.6,118,52,114,29.6,9.7,120,0.56,0.29,2.3,30.6,506.199241,11.26086957,3
12.3,320,6.3,246.4,98,106,128,20.8,18.5,30,0.36,1.2,0,18.9,506.199241,11.26086957,3
2.4,130.2,7,100.3,12,54,32,7.2,3.4,22,0.11,0.42,0,12.4,0,11.26086957,3
1.9,601,6.2,462.8,74,114,176,36.04,20.8,76,0.32,0.35,1.2,27.5,506.199241,11.26086957,3
40.1,454,6.2,349.6,38,58,120,35.2,7.8,56,0.42,2.9,0,30.9,506.199241,11.26086957,3
0.3,165.4,5.4,127.4,52,22,40,9.6,3.9,72,0.4,0.9,13.9,18.2,0,11.26086957,3
93.8,306,6.1,235.6,54,100,116,34.4,7.3,26,0.27,3.8,4.8,31.5,506.199241,11.26086957,3
4.1,221,6,170.2,40,48,72,20,5.3,32,0.24,0.36,3.4,28.6,506.199241,11.26086957,3
2.3,584,6.9,449.7,22,240,92,28.8,4.9,38,0.46,0.85,1302,13.1,506.199241,11.26086957,3
2.9,195.3,6.1,150.8,28,80,60,21.6,1.5,26,0.56,32,0.17,5.7,506.199241,11.26086957,3
1.6,921,7.5,709.2,10,248,112,36.1,5.3,78,0.7,0.82,2.21,19.1,0,11.26086957,3
1.2,263,6.9,202.5,16,114,50,11.2,5.3,30,0.18,0.38,0.91,4.2,0,11.26086957,3
0.4,202,5.7,155.5,54,30,32,7.2,3.4,52,0.1,0.42,3.6,5.9,0,11.26086957,3
3.1,371,6.2,285.6,24,128,158,41.7,13.1,46,0.4,1.03,1.8,4.9,0,0,3
1.7,148.5,5.9,114.3,30,18,42,13.6,1.9,20,0.68,0.9,0.31,2.9,506.199241,11.26086957,3
15.1,60.7,5.1,46.7,32,28,28,7.2,2.4,24,0.29,3.9,1.8,2.3,0,11.26086957,3
7.3,246,7.6,189.4,20,88,98,20.8,13.1,34,0.92,0.76,1.19,5.7,506.199241,11.26086957,3
51.4,263,7.2,202.5,30,72,108,21.6,13.1,46,0.74,3.2,0.57,8.2,506.199241,11.26086957,3
9.4,540,8,415.8,22,170,124,35.2,8.7,32,0.38,0.86,1.33,10.9,506.199241,11.26086957,3
2.2,60.7,6.2,46.7,8,28,30,4,4.9,32,0.46,0.45,1.82,4.2,0,11.26086957,3
2,50.6,5.8,38.9,12,24,22,4,2.9,28,0.28,0.38,1.51,3.5,0,11.26086957,3
3.8,469,8.6,361.1,10,180,94,24.4,6.8,36,0.52,0.54,1.63,6.7,0,11.26086957,3
1.3,411,5.5,316.4,48,30,78,20,6.8,90,0.21,0.22,5.62,8.9,0,11.26086957,3
1.6,472,6.6,363.4,20,88,118,25.6,13.1,36,0.86,0.39,6.2,11.2,506.199241,11.26086957,3
4.1,300,5.7,231,34,60,90,20.8,9.2,42,0.87,0.42,0.26,9.6,506.199241,11.26086957,3
4.1,300,5.7,231,34,60,90,20.8,9.2,42,0.87,0.42,0.26,9.6,506.199241,11.26086957,3
3.5,1090,7,839.9,20,152,490,135.4,36.9,68,0.54,0.4,0.53,11.1,0,11.26086957,3
11.8,403,6.5,310.3,30,116,46,24.8,9.2,44,0.36,0.98,20.1,16,0,11.26086957,3
33.8,14170,6.8,10910,24,104,2510,584,255.2,3200,0.59,2.4,10.7,483,506.199241,11.26086957,3
1.6,247,6.4,190,10,54,94,25.6,7.3,66,0.4,0.21,27,12.3,0,11.26086957,3
2.9,180.5,6.5,138.9,16,26,36,12.8,0.9,32,0.36,0.69,2.5,5.2,506.199241,11.26086957,3
4.6,275,6,211.8,34,36,60,19.2,2.9,36,0.19,0.6,5.4,18.2,506.199241,11.26086957,3
1.6,72.2,7.1,55.6,4,136,20,4.8,1.9,34,0.3,0.34,3.4,1.3,0,11.26086957,3
6.5,436,6.7,335.7,18,116,170,57.7,6.3,30,0.3,0.45,2,8,0,0,3
2.3,452,5,348,26,18,80,24,4.9,74,0.45,0.3,34.6,51.5,0,11.26086957,3
2.3,452,5,348,26,18,80,24,4.9,74,0.45,0.3,43.6,51.5,0,11.26086957,3
4.1,249,7.5,191.7,12,98,104,32.8,5.3,18,0,0.35,1.9,12.4,506.199241,11.26086957,3
5.2,380,7.5,292.6,4,114,4.2,9.6,4.4,24,0.3,0.3,9.975805169,21.1,0,11.26086957,3
12.1,361,6.7,277.9,22,96,140,19.2,22.4,36,0.6,1.2,2,35.2,0,11.26086957,3
330,305,6.5,234.9,24,82,102,16,15.1,40,0.72,5.9,4.1,92.5,0,11.26086957,3
1.4,148.4,5.6,114.2,56,32,50,8,7.3,30,0.18,0.5480750408,2.9,20.90707718,506.199241,11.26086957,3
1.1,299,6.2,230.2,14,74,88,28.8,3.9,4,0.19,0.26,9.975805169,19.8,0,0,3
7.5,278,6.6,214.1,28,110,92,32,2.9,34,0.19,0.57,9.975805169,7.5,506.199241,11.26086957,3
13.5,181.9,6.7,140.1,18,66,40,7.2,5.3,20,0.1,0.72,9.975805169,5.2,506.199241,11.26086957,3
1.7,128.1,6.1,98.6,50,56,58,10.4,7.8,26,0.07,0.13,9.975805169,2.3,0,11.26086957,3
10.7,695,6.7,535.2,24,270,254,59.3,25.6,6.4,0.4,1.8,9.975805169,5.8,506.199241,11.26086957,3
1.4,317,6.7,244.1,36,140,122,24,15.1,26,0.2,0.18,9.975805169,30.5,506.199241,11.26086957,3
2.1,350,6,269.5,60,82,124,23.2,16.04,46,0.68,0.4,9.975805169,17.8,506.199241,11.26086957,3
33.7,1342,5.7,1033.3,66,38,90,21.6,8.7,378,0.07,3.2,9.975805169,22.5,506.199241,11.26086957,3
2.9,145,5.9,111.6,16,24,70,17.6,6.3,46,0.84,0.38,9.975805169,0.2,506.199241,11.26086957,3
2.9,192.9,6.1,147.9,36,44,64,24.03,2.4,38,0.08,0.45,10.7,3.5,0,11.26086957,3
10.8,229,6.3,176.3,66,76,76,17.6,7.8,30,0.54,1.8,9.975805169,8.9,506.199241,11.26086957,3
1.6,489,6.9,376.5,14,54,124,35.2,8.7,84,0.41,0.47,9.975805169,14.02,506.199241,11.26086957,3
16.5,87,5.3,66.9,60,50,32,5.6,4.4,20,0.08,0.45,9.975805169,1.2,0,11.26086957,3
1.5,1179,6.5,907.8,28,110,10,1.6,1.5,278,0.41,0.3,3.5,162.8,240,1,4
15.6,253,6.1,194.8,36,62,78,24.03,44,38,0.12,0.04,0,10.4,1100,23,4
0.2,535,6.8,411.9,34,126,160,32.8,18.9,74,0.28,0.22,0,46.5,240,11.26086957,4
1.3,322,4.53,247.9,32,10,38,7.2,4.86,76,0.1,0.2,24.4,10.6,1100,11.26086957,4
0.7,112.6,4.8,86.7,40,18,36,2.4,7.3,32,0.52,0,3.4,34.5,1100,1,4
0.5,454,6.9,349.6,40,56,126,36.05,8.8,50,0.31,0.44,26.9,16.2,1100,0,4
0.9,140.7,4.4,108.3,40,8,20,5.6,1.5,38,0.3,0.12,17.3,13.9,23,0,4
1,156.2,5.7,10.3,20,16,24,4,3.4,40,0.12,0,8.5,6.4,1100,11.26086957,4
0.5,330,6.9,254.1,28,50,62,15.2,5.8,60,0.42,0.16,18.9,18.5,1100,1,4
32.9,180.5,6.5,138.9,44,42,54,12.02,5.8,30,0.09,2.1,3.6,7.6,1100,11.26086957,4
16,316,6.3,243.3,58,102,76,20.8,5.8,48,0.1,0.68,3.8,21.5,1100,240,4
1,200,5.5,154,68,38,38,10.4,2.9,36,0.09,0.14,6.8,16.3,1100,23,4
1,394,6.7,303.4,30,130,110,28.8,9.2,40,0.35,0.22,2.9,19.5,0,1,4
0.8,104.1,6.1,80.16,38,18,24,4.8,39,22,0.14,0.3,4.34,3.4,1100,9,4
0.1,679,7.1,522.8,44,174,180,61.6,6.3,56,0.54,0.16,19.8,62.5,240,0,4
3.2,253,6.2,194.8,52,42,80,16.8,9.2,40,0.28,0.47,0,6.8,1100,0,4
0.4,408,6.8,314.2,40,120,124,37.6,7.3,38,0.52,0.07,0,34.1,1100,23,4
0.4,123.1,6.2,94.7,24,30,18,5.6,0.97,30,0.5,0.08,3.18,8.3,1100,1,4
14.3,316,6.3,243.3,52,92,84,16.8,10.2,44,0.45,0.82,0,21.6,23,0,4
0.1,197.1,5.2,151.8,36,18,22,6.4,1.5,40,0.54,0.03,15.9,6.4,1100,1,4
0.8,76.3,4.8,58.8,44,14,20,2.4,3.4,28,0.19,0.27,1.24,207,1100,11.26086957,4
0.6,105.5,5.1,81.2,50,30,18,4.01,1.9,26,0.56,0.19,0.39,11.2,0,1,4
0.2,72.9,4.9,56.13,64,14,10,3.2,0.49,28,0.08,0.29,15.3,9,1100,11.26086957,4
6.7,489,7.1,376.5,42,166,194,54.4,14.1,20,0.57,0.68,0,118.4,1100,1,4
0.1,197.9,6.6,152.2,22,40,20,3.2,2.9,28,0.07,0.3,10.6,2.8,1100,0,4
0.1,179,4.5,137.8,46,18,20,3.2,2.9,36,0.5,0,20.51,7.2,1100,1,4
3.6,242,5,186.3,52,26,42,8.01,5.35,44,0.18,0.96,11.1,40.5,1100,0,4
4.5,374,5.6,287.9,70,40,80,29.6,1.46,60,0.26,0.35,32.4,12.3,1100,11.26086957,4
0.4,145.8,5.5,112.3,60,18,34,7.2,3.9,20,0.11,0.3,13.7,6.8,1100,0,4
8.3,408,6.3,314.2,34,104,96,28.8,5.8,60,0.47,0.89,0,32.3,1100,23,4
2,854,6.6,657.6,28,42,174,59.3,6.23,166,0.47,0.36,0.54,22.9,1100,11.26086957,4
0.2,63.8,5.5,49.1,34,18,14,2.4,1.9,22,0.6,0.16,0,2.3,1100,11.26086957,4
0.3,243,6.9,187.1,36,60,98,16.02,14.1,38,0.2,0.19,0,7.6,1100,11.26086957,4
9.1,72.3,4.4,55.7,40,10,12,2.4,1.5,18,0.35,0.56,9.975805169,7.3,1100,11.26086957,4
1.4,277,6,213.3,36,26,58,18.42,2.92,20,0.26,0.42,28.22,4.1,240,9,4
0.9,137.9,4.6,106.2,28,16,22,6.4,1.5,34,0.41,0.2,12.4,3.2,1100,9,4
0.5,267,6.2,205.6,16,28,56,17.62,2.92,42,0.22,0.15,2.62,5.4,1100,11.26086957,4
5.4,394,6.5,303.4,24,44,190,48.06,17.01,102,0.09,0.62,5.62,9,23,11.26086957,4
0.2,235,5.9,180.9,24,86,78,23.3,4.9,28,0.18,0.28,0,12.1,23,11.26086957,4
11.2,114.5,6,88.2,38,20,26,4,3.9,32,0.2,0.56,13.9,7.3,240,0,4
2,161.9,5.6,124.7,10,20,26,4.01,3.9,36,0.13,0.36,14.2,18.5,1100,11.26086957,4
1,154.8,4.5,119.2,52,32,14,4.01,0.97,42,0.52,0.02,0,16.5,240,11.26086957,4
6.6,327,6.5,251.8,36,152,120,30.4,10.7,20,0.56,0.42,0,32.8,23,0,4
8.7,204,5.2,157.1,52,30,26,4.01,3.9,38,0.07,1.4,8.9,16.3,240,11.26086957,4
0.9,527,6.8,405.8,38,192,184,64.9,5.35,48,0.08,0.1,0,21.5,240,0,4
0.4,126.7,5.4,97.6,36,20,20,4.8,1.9,28,0.54,0.07,11.6,8.2,1100,9,4
0.7,200,5.4,154,30,36,38,11.2,2.4,38,0.19,0.42,12.5,9.4,1100,0,4
1.2,527,5.7,405.8,38,12,168,49.6,10.7,36,0.18,0.38,9.975805169,23.8,23,0,4
4.1,640,7.5,492.8,20,184,138,45.7,5.8,58,0.41,0.39,7.3,112,0,1,4
1.5,77.4,6.5,59.6,16,30,12,4.01,0.5,16,0.32,0.37,0,8.2,240,11.26086957,4
4.2,795,6.5,612.2,16,140,132,29.6,14.1,14.6,0.14,0.46,0,100.4,23,0,4
1,2470,7.1,1901.9,14,220,12,4.01,0.5,76,0.66,0.42,0,444.5,23,11.26086957,4
2.8,323,5.9,248.7,26,40,36,11.2,1.9,42,0.08,0.51,7.4,16.5,1100,0,4
4.4,87.5,5.4,67.4,40,30,20,4.01,2.43,26,0.16,1.9,0,4.3,240,0,4
1.3,387,5.4,297.9,44,52,76,20.8,5.8,56,0.07,0.16,19.9,12.5,1100,11.26086957,4
29.5,373,6.2,287.2,26,128,132,51.3,0.97,40,0.14,1.6,1.7,32.2,1100,0,4
18.9,256,6.1,197.1,32,36,76,21.6,5.3,24,0.29,0.92,0,16.5,240,0,4
1,109.1,6.2,84,18,48,3.8,13.6,0.97,22,0.26,0.14,0,11.9,240,0,4
2.8,91.5,4.6,70.5,58,16,14,24,1.9,26,0.18,0.43,14.5,5.9,1100,0,4
3.2,204,5.5,211.3,64,44,52,18.4,1.5,42,0.2,0.49,16.9,18.2,1100,11.26086957,4
1,584,6.1,449.7,22,174,244,67.3,18.5,32,0.16,0.2,0,32.9,1100,0,4
2,1397,5.9,1075.7,48,46,144,48.1,5.8,180,0.62,0.08,29.9,210,1100,0,4
0.9,337,6.5,259.5,20,144,126,46.5,2.4,32,0.28,0.3,0,27.5,1100,0,4
1.9,246,6.5,189.4,38,52,48,13.6,3.4,44,0.21,0.35,13.2,16.9,240,9,4
2.9,454,7.3,349.6,24,222,152,32,17.5,16,0.28,0.45,0,11.5,240,11.26086957,4
2.8,84.4,4.6,64.9,52,16,12,2.4,1.5,28,0.16,1.8,10.1,8.3,1100,240,4
0.8,190,5.6,146.3,68,48,54,18.4,1.9,32,0.1,0.29,10.2,6.1,23,11.26086957,4
2.2,59.8,4.7,46.1,64,18,16,3.2,1.9,32,0.19,0.56,0,5.9,1100,11.26086957,4
0.6,225,3.5,173.3,84,12,12,3.2,0.9,48,0.32,0,25.3,13.2,1100,23,4
3.6,2320,6.8,1786.4,28,160,452,148,32.8,22,0.48,0.52,0,581,240,11.26086957,4
0.3,168.9,8.9,130.1,18,56,10,2.4,0.9,24,0.14,0.16,0,9.5,1100,11.26086957,4
6.4,133.7,5.4,102.9,24,42,24,2.4,4.4,38,0.07,0.64,0,0.9,1100,9,4
1,334,5.9,257.2,28,96,104,36.8,2.92,34,0.16,0.3,21.5,7.4,23,11.26086957,4
0.4,107,6.8,32.4,6,32,34,11.2,1.5,30,0.02,0.29,0,49,1100,11.26086957,4
0.8,161.9,6.02,124.7,14,50,40,12.8,1.94,32,0.19,0,1.4,11.2,1100,11.26086957,4
0.2,200,6.5,184,16,84,42,9.6,4.4,26,0.21,0.12,0,16.5,23,9,4
0.3,316,6.3,243.3,24,96,104,19.2,13.6,52,0.3,0.03,0,30.2,1100,11.26086957,4
6.3,185.5,5.8,142.8,40,60,40,12,2.4,24,0,0.56,0,11.8,1100,23,4
8.3,133.7,5.6,102.9,30,30,22,5.61,1.94,24,0.04,0.5,0,21.2,1100,240,4
1.4,299,4.8,230.2,64,22,46,12.01,3.9,100,0,0.16,22.9,26.2,1100,11.26086957,4
1,415,5.3,235.6,50,38,60,20.03,2.43,50,0.19,0.05,21.6,29.5,1100,11.26086957,4
0.5,256,5.4,197.1,46,38,46,12.8,3.4,40,0.32,0.16,0.11,18.2,1100,11.26086957,4
0.6,288,5.4,221.8,68,40,82,23.2,5.8,40,0.2,0.24,5.93,22.5,1100,11.26086957,4
1.6,435,5.6,334.9,76,60,64,17.6,4.9,82,0.29,0.3,0,32.5,1100,9,4
2.4,117.7,6.03,90.6,26,36,22,6.41,1.46,30,0.18,0.39,0,39.6,240,9,4
0.7,156.9,5.8,120.8,20,32,36,10.4,2.4,22,0.18,0.16,12.6,16.2,240,11.26086957,4
3.1,667,6.6,513.5,30,122,144,48.8,5.3,84,0.04,0.38,0,220.2,1100,9,4
0.7,210,4.7,161.7,88,22,20,2.4,3.4,52,0.18,0.14,9.4,10.4,1100,240,4
0.7,214,5.6,164.8,26,38,42,12.01,2.9,42,0.75,0.48,32.03,7.5,23,11.26086957,4
0.9,160.5,5.3,123.6,38,24,30,8.01,2.4,36,0.1,0.21,15.1,10.2,23,9,4
1.1,85.6,4.4,65.9,48,20,20,3.2,2.9,24,0.09,0.35,8.6,8.2,1100,0,4
0.9,199.7,5.5,153.7,30,52,52,13.6,4.4,36,0.14,0.22,8.5,6.9,1100,240,4
0.7,367,6.9,282.6,12,78,64,15.2,6.3,42,0.02,0.29,29.5,6.2,1100,11.26086957,4
41.1,431,6.5,331.9,18,150,128,39.2,7.3,50,0.19,0.51,9.2,21.5,1100,0,4
0.6,338,6.7,260.3,6,84,78,16.8,8.7,44,0.4,0.62,0,13.4,1100,0,4
24.8,406,6.5,312.6,22,76,144,36.8,12.6,52,0.18,0.81,0.7,16.5,1100,0,4
1,231,4.1,177.9,92,12,56,7.2,9.2,16,0.44,0.7,26.09,9.2,1100,23,4
0.6,335,4.8,257.9,62,28,52,13.6,4.4,48,0.2,0.1,29.5,20.5,1100,11.26086957,4
0.9,517,6.5,398.1,56,182,160,34.6,17.9,50,0.06,0.04,0,48.5,1100,11.26086957,4
1,399,5.6,307.2,58,36,60,9.6,8.7,64,0.19,0.05,17.7,30.6,1100,11.26086957,4
4.9,281,5.3,216.4,44,22,58,7.2,9.7,42,0.42,0.68,0,18.5,1100,23,4
1.3,392,6.3,301.8,14,58,96,16.8,13.1,52,0.1,0.59,0,30.5,1100,11.26086957,4
1,4,0.8,320.2,40,42,108,38.5,2.9,144,0.18,0.3,9.5,17.4,1100,11.26086957,4
1.5,1052,6.5,810,4.4,88,228,72.1,11.6,170,0.08,0.27,33.2,24.6,1100,11.26086957,4
0.1,5.9,5,45.4,22,12,24,3.2,3.9,20,0.2,0.18,10.1,2.3,1100,11.26086957,4
4.2,204,6.3,157.1,20,16,34,10.4,1.9,36,0.29,0.35,19.05,8.9,1100,11.26086957,4
0.8,513,7.3,395,36,190,180,59.3,7.8,50,0.14,0.3,0,35.8,240,11.26086957,4
0.6,236,5.9,181.7,10,10,40,10.4,3.4,44,0.1,0.22,20.7,9.2,240,11.26086957,4
0.6,128.4,5.2,98.9,72,18,20,4,2.4,34,0.11,0.21,0,7.8,1100,0,4
6.9,204,5.3,157.1,120,20,38,8,4.4,58,0.17,1.2,7.8,5.7,1100,0,4
0.8,402,6.6,309.5,42,62,122,39.2,5.8,40,0.13,0,8.4,10.9,1100,11.26086957,4
0.9,208,6.7,160.2,46,48,68,13.6,8.3,34,0.16,0.3,0,3.4,23,11.26086957,4
11.2,621,6.8,478.2,44,98,128,28.8,13.6,72,0.21,0.9,1.8,21.9,240,11.26086957,4
0.2,104.1,7.2,80.2,14,22,24,8.01,0.9,28,0.2,0.19,12.8,2.7,240,11.26086957,4
0.9,52,5.4,40,32,10,34,2.4,6.8,70,0.26,0.2,4.5,3.2,1100,11.26086957,4
0.9,1322,0.5,1017,114,190,310,74.4,30.1,92,0.29,0.19,0.8,36.6,1100,11.26086957,4
2,3250,6.5,2502.5,42,40,770,180,77.846,0.14,0.12,23.4,183.9,20.90707718,240,0,4
5.1,79.8,6.9,61.4,4,38,16,4.8,0.9,10,0.18,0.82,11.5,2.6,23,11.26086957,4
2.1,423,7.1,325.2,22,80,96,12.8,15.6,36,0.11,0.35,1.5,12.7,1100,0,4
1,180.5,6.7,139,28,22,0,21.6,1.5,42,0.14,0.12,8.3,10.2,1100,11.26086957,4
19.1,291,6.27,224.1,24,36,76,13.2,11.7,22,0.11,0.72,27,5.9,1100,0,4
0.8,107.6,4.8,82.9,60,16,18,1.6,3.4,16,0.1,0.1,23.5,2.3,1100,9,4
0.4,49.9,5.7,38.4,8,20,24,4.01,3.4,34,0.09,0.11,1.72,4.6,240,11.26086957,4
0.1,149.3,6.4,114.9,20,20,54,16.02,3.4,24,0.14,0.11,8.1,3.9,1100,0,4
2.2,131.9,0,101,40,30,40,10.4,3.4,20,0.16,0.84,0,4.6,1100,11.26086957,4
3.5,447,5.8,344.2,56,58,130,39.2,7.8,4,0.26,0.39,22.5,12.8,240,11.26086957,4
0.7,121.5,5.1,93.6,56,12,14,2.4,1.9,36,0.09,0.21,2.1,5.6,1100,11.26086957,4
2.5,86.8,6,66.8,40,20,24,8.01,0.9,20,0.16,0.36,0,2.6,1100,11.26086957,4
0.5,23,5.8,202.5,48,18,70,20.02,4.9,36,0.12,0.54,2.9,16.8,240,0,4
5,104.1,5.7,80.2,64,20,22,6.4,1.5,30,0.05,0.39,0.46,4.6,1100,11.26086957,4
0.5,236,6.5,181.7,20,20,7,17,7.8,50,0.2,0.15,9.7,10.9,240,11.26086957,4
0.3,290,5.5,223.3,44,18,20,6.4,0.9,62,0.21,0.21,7.1,11.7,240,11.26086957,4
10.3,104,5.9,80.1,56,24,52,6.4,8.7,22,0.22,0.64,4.2,12.5,1100,0,4
0.6,160.3,5.7,123.4,56,36,66,16.8,5.8,32,0.32,0.16,22.2,7.5,1100,11.26086957,4
0.5,267,6.5,205.6,22,36,84,29.6,2.4,18,0.09,0.14,22.2,8.2,1100,11.26086957,4
4.1,415,6.8,319.5,36,114,122,36,7.7,34,0.8,0.38,9.975805169,20.1,1100,11.26086957,4
6.9,402,6.6,309.5,38,130,148,53.6,3.4,30,0.19,0.65,9.975805169,31,1100,11.26086957,4
2.5,164.1,5.8,126.3,66,22,42,8.8,4.9,40,0.26,0.52,9.975805169,7.2,1100,9,4
0.3,41.6,6.9,32.03,8,18,6,4,0.9,34,0.11,0.09,0,1.6,23,11.26086957,4
0.6,201,0.5,154.8,28,32,30,9.6,1.5,46,0.18,0.1,9.975805169,11.2,1100,0,4
0.8,131.9,6.6,101.6,20,14,24,7.2,1.5,42,0.16,0.19,11.2,2.8,240,11.26086957,4
0.6,229,5.9,176.3,66,24,32,8.8,2.4,106,0.2,0.3,5.6,4.9,1100,11.26086957,4
1,174,7.6,133.9,12,28,40,8.8,4.3,34,0.24,0.07,9.975805169,8.2,1100,9,4
1,822,7,632.9,62,144,234,48.1,27.7,26,0.22,0,0.17,34.8,1100,9,4
5.6,552,7.4,425,24,142,94,22.4,9.2,48,0.31,0.63,9.975805169,85.1,23,0,4
0.2,145.8,6.5,112.3,78,16,26,8.01,1.5,40,0.23,0.14,23.8,7.4,1100,11.26086957,4
6.3,566,7.4,435.8,20,136,96,20.8,10.6,46,0.31,0.64,9.975805169,87.6,23,0,4
0.1,170.1,5.3,130.9,56,6,26,4,3.9,40,0.24,0.2,23.6,5.2,1100,11.26086957,4
0.9,159.7,4.9,122.9,16,8,26,3.9,40,0.16,0.11,21.7,0.9,20.90707718,1100,11.26086957,4
6.5,1112,7,856.2,28,126,620,156,55.8,70,0.17,1,9.975805169,471.3,9,11.26086957,4
13,442,7.4,340.3,22,120,96,22.4,9.7,38,0.19,0.12,9.975805169,46.7,1100,11.26086957,4
0.7,267,5.9,205.6,54,32,58,18.4,2.9,28,0.15,0.29,12.4,11.2,1100,11.26086957,4
0.8,418,7.7,321.8,44,64,22,4.8,2.4,16,0.34,0.2,9.975805169,4.6,1100,11.26086957,4
1,111.1,5.9,85.5,48,14,18,4,1.9,70,0.16,0.19,0,7.4,1100,11.26086957,4
2.7,77,6.6,59.2,16,144,56,15.2,4.2,24,0.14,0.43,9.975805169,3.6,1100,9,4
1,247,6.5,190.2,44,56,68,22.4,2.9,42,0.34,0.08,9.975805169,14.3,1100,11.26086957,4
4.3,207,6.2,159.3,50,66,62,16.8,4.9,24,0.3,1.9,9.975805169,12.1,1100,11.26086957,4
0.5,130.6,6.6,100.6,20,24,8,2.4,0.5,30,0.36,0.1,9.975805169,7.9,240,11.26086957,4
5.3,357,6.1,274.9,22,52,94,20.8,10.2,58,0.21,0.82,36,13.9,1100,0,4
0.8,90.2,5.3,69.5,20,14,10,1.6,1.5,28,0.21,0.2,2.2,0.8,1100,11.26086957,4
1,413,6.5,318.1,30,72,136,42.5,7.3,42,0.28,0.12,6.9,31.8,240,240,4
0.5,76.3,6.9,58.8,10,14,28,8.01,1.9,22,0.3,0.09,0,7.3,1100,11.26086957,4
0.2,44.5,6.1,34.3,8,50,16,2.4,2.4,16,0.08,0.11,0,5.7,240,11.26086957,4
0.8,243,6.2,187.1,16,30,70,22.4,3.4,34,0.1,0.21,15.3,15.3,1100,11.26086957,4
0.7,95,4.5,73.15,42,12,12,2.4,1.5,20,0.12,0.2,8.33,1.2,23,11.26086957,4
0.8,422,5.9,324.9,64,52,110,21.6,13.6,50,0.28,0.18,26.2,17.9,1100,0,4
0.6,341,6.9,262.6,22,86,66,20.8,3.4,38,0.22,0.3,4.1,20.8,23,11.26086957,4
3.7,404,5.9,311.1,86,100,124,32.8,10.2,52,0.28,0.72,0,38.5,1100,23,4
0.2,59.8,4.8,46.04,32,14,20,3.2,2.9,16,0.28,0.04,12,4.9,240,11.26086957,4
9.2,141,5.5,108.6,46,18,26,9.6,0.5,34,0.11,0.55,12.3,14.2,1100,11.26086957,4
2,235,4.6,180.9,30,18,32,8.01,2.9,36,0.2,0.78,24.5,11.5,1100,0,4
1.4,334,6.8,257.2,40,112,136,33.6,12.6,20,0.29,0.45,6.2,10.1,240,0,4
0.8,95,4.6,73.2,64,14,54,10.4,6.8,28,0.16,0.19,0,5.5,1100,11.26086957,4
0.7,228,4.7,175.6,92,20,62,10.4,8.7,40,0.12,0.16,17.7,19.5,240,11.26086957,4
1.4,209,5.4,160.9,88,20,16,7.2,4.4,48,0.1,0.72,18.8,24.3,1100,0,4
0.8,88,4.9,67.8,46,18,18,4.01,1.9,22,0.14,0.07,13.6,6.2,1100,11.26086957,4
1.5,130.2,5.2,100.3,80,62,20,72,0.49,112,0.58,0.54,3.5,12.4,240,0,4
0.6,183,5.1,140.9,48,18,20,4.8,1.9,48,0.08,0.1,17.9,10.9,1100,11.26086957,4
4.3,436,6.5,335.7,74,104,124,34.4,9.2,36,0.39,0.94,8.6,23.4,1100,0,4
2.1,295,5.6,227.2,76,24,40,11.2,2.9,38,0.41,0.35,12.7,15.6,1100,9,4
1,218,5.8,167.9,78,100,10,3.2,0.49,40,0.09,0.3,9.7,11.5,1100,0,4
1,309,6.3,237.9,24,68,102,25.6,9.2,32,0.26,0.3,13.5,21.4,1100,23,4
0.8,760,6.4,585.2,66,104,190,57.6,2.3,24,0.21,0.24,22.7,96.8,1100,11.26086957,4
6.5,344,6.5,264.9,52,150,130,18.4,20.4,40,0.42,0.49,0,4.6,23,11.26086957,4
0.4,158.3,5.6,121.9,80,22,42,8.01,5.3,54,0.24,0.21,17.1,9.2,1100,11.26086957,4
0.1,214,5.1,164.8,38,20,36,8.01,3.9,32,0.37,0.06,18.4,12.9,240,11.26086957,4
0.5,29.3,6.2,22.6,8,24,6,1.6,0.49,62,0.08,0.24,0,10.8,1100,11.26086957,4
1,214,5.6,164.8,26,18,34,7.21,3.9,50,0.14,0.16,23.3,15.4,1100,11.26086957,4
0.9,394,6.1,303.4,66,82,100,28.8,6.8,62,0.19,0.3,2.7,32.9,1100,11.26086957,4
4.6,376,6.5,289.5,40,76,126,29.6,12.6,38,0.42,0.46,0,42.5,1100,11.26086957,4
12.2,408,7.3,314.2,40,86,122,24.8,14.6,80,0.56,0.62,0,36.9,23,11.26086957,4
1.1,144.3,5.2,111.1,38,18,16,5.6,0.49,48,0.29,0.16,2.7,20.90707718,1100,11.26086957,4
7.2,267,5.1,205.6,90,16,34,8.8,2.92,62,0.62,0.2,7.3,21.6,1100,11.26086957,4
14.2,154.8,4.7,119.2,76,16,16,4.8,0.97,34,0.65,0.21,7.2,12.9,1100,11.26086957,4
2.3,619,6.9,476.6,48,142,218,68.1,11.7,64,0.32,0.39,0,36.5,1100,0,4
1.7,454,6.5,349.6,58,100,146,52.1,3.9,40,0.05,0.1,0,27.8,1100,11.26086957,4
2.8,397,6.9,305.7,54,112,132,49.7,1.9,28,0.18,0.27,0,30.5,1100,0,4
1.4,207,6.1,159.4,18,54,64,21.6,2.43,30,0.26,0.26,0,16.2,1100,11.26086957,4
3.8,98.5,6.5,75.8,16,26,30,7.2,2.9,32,0.35,0.42,0,27.5,240,11.26086957,4
0.7,520,6.9,400.4,64,100,150,51.3,5.35,60,0.41,0.29,13.8,34.5,1100,11.26086957,4
6.5,404,6.8,311.1,58,130,164,47.3,11.2,36,0.42,1.6,0,27.3,23,0,4
0.2,478,6.2,368.1,36,110,170,59.3,5.3,42,0.46,0.11,8.3,14.5,1100,11.26086957,4
1.41,112.6,5.6,86.7,16,22,32,9.6,1.9,24,0.58,0.16,0.9,18.5,1100,9,4
13.6,647,6.9,498.2,56,164,196,59.3,11.7,52,0.2,0.76,0,17.9,23,11.26086957,4
0.4,337,7.4,259.5,14,90,22,3.2,3.4,30,0.16,0.08,3.2,18.9,1100,11.26086957,4
0.5,658,7.4,506.7,56,198,238,39.2,34.2,44,0.16,0.12,0,48.9,240,11.26086957,4
2.8,91.5,4.8,70.5,30,10,10,3.2,0.5,30,0.39,0.34,5.5,7.3,1100,11.26086957,4
0.6,256,4.2,197.1,88,12,52,6.4,8.7,40,0.21,0.2,19.4,15.2,1100,0,4
0.5,278,6.3,214.1,68,12,92,25.6,6.8,24,0.17,0.11,0,14.8,23,11.26086957,4
1.3,373,6.3,287.2,50,162,128,30.4,12.6,48,0.2,0.41,0,24.3,1100,11.26086957,4
0.6,130.2,5.2,100.3,44,18,24,5.6,2.4,30,0.25,0.22,17.7,22.5,1100,0,4
2.7,123.1,4.8,94.8,64,42,26,2.4,4.9,34,0.15,0.25,19.1,16.3,240,9,4
0.5,200,5.7,154,46,34,46,12,3.9,34,0.19,0.06,22.6,15.2,23,11.26086957,4
1,158.3,5.1,121.9,38,24,30,5.6,3.9,32,0.14,0.11,16.4,11.6,1100,11.26086957,4
0.4,630,6.9,485.1,16,136,270,72.1,21.9,40,0.1,0.28,20.8,101.5,1100,11.26086957,4
3.2,513,7.4,395,14,142,192,68.1,5.3,32,0.2,0.42,3.23,42.9,240,0,4
0.3,40.5,6.6,31.2,6,18,8,2.4,0.5,20,0.08,0.26,0,4.9,1100,11.26086957,4
2.3,373,5.7,287.2,46,36,52,12.8,4.9,36,0.3,0.37,16,23.5,1100,0,4
0.9,105.5,5.1,81.2,44,18,16,4,1.5,2.8,0.04,0.14,15.2,10.5,1100,11.26086957,4
0.2,239,6.2,184,38,60,70,18.4,5.8,22,0.62,0.23,4.2,18.9,1100,11.26086957,4
0.6,16.3,6.6,12.6,22,16,12,2.4,1.5,6,0.02,0.21,0.88,4.2,1100,11.26086957,4
0.9,98.5,6.1,75.8,4,28,12,3.2,0.9,34,0.57,0.16,5.6,6.8,1100,11.26086957,4
1,137.2,6.5,105.2,14,32,14,3.2,1.5,20,0.24,0.14,13.7,16.9,1100,11.26086957,4
7.7,112.6,5.2,56.7,50,18,20,5.6,1.5,54,0.5,0.49,14.4,11.2,1100,11.26086957,4
1.5,128.4,6.5,988.7,52,132,200,41.7,23.3,246,0.21,0.39,1.06,97.6,23,11.26086957,4
1,221,4.2,170.2,66,12,26,7.2,1.9,58,0.28,0.12,19.6,12.3,1100,23,4
0.4,24.2,3.9,186.3,52,10,52,12,5.3,42,0.33,0.3,18.6,14.5,1100,0,4
0.6,186.5,3.9,143.6,72,8,40,6.4,5.8,36,0.32,0.19,18.7,10.9,1100,23,4
4,137.2,4.3,105.6,60,12,28,5.6,3.4,52,0.61,0.16,16.7,9.8,1100,0,4
1.6,894,6.1,688.4,62,84,274,64.1,27.7,210,0.1,0.2,11.42,67.5,1100,0,4
1.1,383,5.7,294.1,32,20,76,13.6,10.2,74,0.28,0.11,24.2,18.2,1100,0,4
0.6,226,4.9,174.02,42,18,38,13.6,0.9,56,0.08,0.12,4.51,4.4,22,0,4
5.3,384,6.3,295.7,16,98,62,13.6,6.8,66,0.2,1.18,1.32,8.2,23,0,4
1.1,41,5.5,31.6,20,14,40,4.8,6.8,26,0.28,0.42,9.2,1.3,240,11.26086957,4
0.4,148.5,5.7,114.3,56,44,40,12.8,1.9,40,0.12,0.2,5.05,4.4,1100,23,4
1.2,422,6.2,324.9,30,92,122,36,7.8,40,0.03,0.35,3.7,7.5,23,0,4
0.2,536,6.6,412.7,8,140,178,46.5,15.1,44,0.75,0.28,4.2,9.9,19,0,4
0.4,121.5,5.3,93.5,48,3.7,22,56,1.7,26,0,0.3,4.3,4.1,9,0,4
3.7,124.9,5.6,96.2,38,20,20,4,2.4,42,0.2,1.35,1.4,4.4,23,0,4
1.2,411,6.8,316.4,12,126,136,33.6,12.6,46,0.72,0.55,0.4,8.4,9,11.26086957,4
1.9,138.4,5.9,106.5,54,44,38,8.01,4.4,26,0,0.65,3.14,2.8,240,11.26086957,4
1.3,209,5.1,160.9,32,18,26,6.4,2.4,48,0.18,0.5,5.1,6.2,23,0,4
0.5,344,7.2,264.8,8,122,86,23.2,6.8,36,0.4,0.28,0.5,9.9,240,0,4
0.3,422,6.8,324.9,10,76,88,256,6.8,50,0.52,0.18,6.6,13.5,23,11.26086957,4
0.3,526,6.1,405,46,96,106,28.8,8.3,62,0.08,0.2,7.3,10.1,19,0,4
0.7,94.4,5.6,72.7,34,22,34,10.4,1.9,6,0.1,0.18,6.7,1.7,95,11.26086957,4
0.6,141.8,5.1,109.2,38,52,22,56,1.9,40,0.09,0.18,7.13,4.7,95,11.26086957,4
0.8,465,6.8,358.1,22,64,40,14.4,0.9,34,0.28,0.16,4.1,10.8,1100,11.26086957,4
0.1,438,7.3,337.3,18,96,50,15.2,2.9,30,0.21,0.2,3.5,11.8,1100,11.26086957,4
0.7,320,7.3,246.4,16,100,82,18.4,87,20,0.3,0.22,1.2,11.9,1100,11.26086957,4
1,138.4,6.8,106.5,32,48,50,9.6,6.3,0.42,0.28,6.2,3.5,20.90707718,240,11.26086957,4
36.7,81,5.4,62.3,62,30,40,5.6,6.3,42,0.03,3.2,0,3.5,64,0,4
0.2,70.9,6.5,54.6,10,36,18,3.2,2.4,20,0.19,0.18,0,3.3,1100,11.26086957,4
0.1,354,6.5,272.6,16,96,180,25.6,28.2,48,0.09,0.21,3.01,8.8,1100,11.26086957,4
0.8,486,6.6,374.2,26,150,148,53.7,3.4,36,0.76,0.26,3.27,8.2,1100,0,4
0.1,303,50.7,233.3,42,36,56,20,1.5,50,0.11,0.19,4.69,11.2,1100,11.26086957,4
0.1,736,6.7,566.7,22,270,254,32.8,41.8,40,0.58,0.3,4.6,13.9,95,23,4
1.4,395,6.5,304.2,24,114,112,30.4,8.7,52,0.39,0.38,0.7,3.5,240,11.26086957,4
0.7,101.2,4.8,77.9,46,28,32,7.2,3.4,30,0.2,0.26,2.3,7.3,1100,11.26086957,4
0.5,334,5.2,257.2,36,24,60,14.4,5.8,62,0.58,0.12,3.54,6.4,240,11.26086957,4
0.4,455,5.3,350.3,52,30,54,11.2,6.3,104,0.38,0.2,5,9.8,1100,19,4
0.1,270,6.3,207.9,20,76,90,30.4,3.4,38,0.12,0.28,4.82,7.9,240,11.26086957,4
2.4,357,6.2,274.9,10,32,92,25.6,6.8,30,0.28,0.45,6.95,6.7,1100,11.26086957,4
1.1,70.9,6.9,546,12,32,34,8.8,2.9,20,0.98,0.35,1.06,3.2,1100,11.26086957,4
0.7,195.8,5.7,150.7,32,18,32,8.01,2.9,42,0.28,0.2,6.36,3.5,95,11.26086957,4
0.2,244,6.1,187.8,28,62,64,20,3.4,40,0.17,0.18,5.67,9.3,240,11.26086957,4
0.1,428,6.5,329.5,26,88,106,34.4,4.9,74,0.2,0.3,6.42,13.5,1100,11.26086957,4
1.4,249,4.9,191.7,24,10,40,9.6,3.9,56,0.28,0.19,7.2,4.2,19,9,4
1,64.1,4.9,49.4,34,16,18,4,1.9,28,0.38,0.48,6.35,2.9,1100,0,4
5.8,232,6.5,178.6,16,74,90,24,7.3,28,0.56,0.57,0.75,4.8,95,11.26086957,4
4.5,368,6.3,288.3,28,50,72,20.8,4.9,54,0.07,0.86,7.5,5.3,1100,0,4
0.7,246,6.2,189.4,42,62,48,12.8,3.9,60,0.12,0.22,1.28,5.7,1100,0,4
1,91.1,4.5,70.1,30,16,22,13.6,2.9,36,0.2,0.3,4.9,4.5,23,0,4
13,233,6.6,179.4,16,84,82,26.4,3.9,18,0.1,0.62,2.7,11.9,240,9,4
2.9,124.7,6.3,95.5,14,42,32,10.4,1.5,18,0.14,0.42,0.79,2.4,1100,0,4
26.7,2090,6.6,1609,20,96,210,48,21.8,380,0.16,2.4,3,112,23,0,4
0.3,278,5.9,210.1,40,34,18,11.2,7.2,36,0.52,0.21,1,8.9,1100,11.26086957,4
3.2,78.7,6.1,60.6,10,14,36,4,1.5,20,0.17,0,7.3,1.1,1100,11.26086957,4
0.4,210,6.2,161.7,20,32,18,12.01,6.8,34,0.32,0.24,11.5,10.2,240,11.26086957,4
137.5,9980,6.8,7684.6,26,98,500,104,58.3,2390,0.5,3.2,2.5,80.5,1100,11.26086957,4
0.4,124.7,6.8,96.01,16,46,70,16,7.3,34,0.1,0,9.6,4.2,1100,0,4
0.4,210,6,161.7,48,38,54,15.2,3.9,24,0.3,0.04,1.1,13.5,1100,0,4
0.9,187,6.4,143.9,20,46,40,12,2.4,32,0.26,0.1,2.1,1,1100,11.26086957,4
0.2,68.9,5.2,53.1,42,14,10,2.4,0.97,18,0.3,0,8.7,1.1,1100,11.26086957,4
0.1,85.3,4.5,65.6,78,14,10,1.6,1.5,22,0.31,0.16,7.9,1.4,240,11.26086957,4
0.3,124.7,4.9,96.01,36,12,10,1.6,1.5,26,0.19,0.03,6.6,6.1,23,11.26086957,4
3.4,305,6.2,234.9,20,58,66,19.2,4.4,46,0.28,0.58,2.7,32,1100,11.26086957,4
1.7,121.4,5.3,93.5,32,6,22,5.6,1.9,26,0.15,0.4,4.9,5.9,1100,11.26086957,4
2.4,482,7.1,371.1,16,166,178,43.3,17,34,0.4,0.56,1.1,13.4,1100,11.26086957,4
2.3,1335,6.9,1027.9,26,142,418,117.7,30.1,306,0.5,0.52,3.8,55.4,240,0,4
0.1,98.4,6.1,75.8,16,30,22,5.6,1.9,16,0.12,0.25,3.3,3.2,240,11.26086957,4
1.9,469,6.9,361.1,18,104,90,24.8,6.8,56,0.1,0.36,3.9,41.6,95,11.26086957,4
0.1,269,5.9,207.1,58,56,54,13.6,4.9,42,0.2,0.14,15.6,10.5,240,11.26086957,4
50.1,259,6.4,199.4,30,84,60,16.8,4.4,20,0.4,2.9,2.3,9.5,240,0,4
0.3,242,6.5,186.3,20,26,70,18.4,5.8,24,0.11,0.11,1.3,11.4,23,0,4
6.5,892,7.1,686.8,20,168,278,79.3,19.4,18,0.16,1.4,7.6,417.6,1100,9,4
0.2,387,6.5,297.9,16,90,92,23.2,8.3,50,0.18,0.04,12.4,23.7,1100,11.26086957,4
33.2,49.2,5.6,37.9,24,6,16,3.2,1.9,12,0.36,3.9,2.5,1.2,240,0,4
0.3,42.6,5.8,32.8,8,12,10,2.4,0.97,16,0.3,0.08,0.4,1.8,240,11.26086957,4
0.1,613,6.8,472,20,98,206,67.2,9.2,56,0.4,0.1,14.9,19.2,240,11.26086957,4
1,85.1,6.2,65.6,12,24,22,7.2,1.5,30,0.31,0.29,1.8,1.5,1100,0,4
0.3,164,5.9,126.3,28,32,40,11.2,2.9,32,0.3,0,13.4,4.6,1100,11.26086957,4
0.4,242,7.4,186.3,22,60,64,19.2,3.89,34,0.19,0.03,3.8,9.8,240,0,4
0.7,974,5.8,749.9,9,38,108,25.6,10.6,44,0.49,0.28,16.8,37.4,1100,11.26086957,4
0.1,328,6.1,252.6,36,44,70,19.2,5.3,20,0.1,0,2.5,35.8,1100,11.26086957,4
0.1,328,6.1,252.6,36,44,70,19.2,5.3,20,0.1,0,2.5,35.8,1100,11.26086957,4
0.4,68.9,6.5,53.1,6,54,2,0,0.5,28,0.16,0.02,15.9,4.2,1100,11.26086957,4
0.1,226,5.5,166.3,54,22,40,12.8,1.9,40,0.14,0,14.3,10.5,1100,0,4
1.7,383,6.1,294.9,44,64,90,25.6,6.3,60,0.19,0.1,6.7,28.8,23,11.26086957,4
0.8,397,4.1,95.7,52,4,48,12.8,3.9,22,0.28,0.04,36.1,4.9,1100,9,4
9,607,7.1,467.4,16,124,106,36.1,3.9,32,0.34,0.6,2.3,19.5,1100,9,4
18,183.7,5.4,141.4,70,20,28,8.8,1.5,76,0.18,0.62,2.6,11.4,240,11.26086957,4
2.9,301,7.1,231.8,12,118,70,22.4,3.4,38,0.31,0.59,16.3,8.3,23,11.26086957,4
3.3,672,7.6,517.4,10,240,154,35.2,16,42,0.7,0.58,6.5,0.9,1100,11.26086957,4
0.1,219,5.2,168.6,10,14,32,7.2,3.4,46,0.06,0.21,35.3,9.8,1100,0,4
2.3,315,6.8,242.6,12,98,82,30.4,1.5,30,0.5,0.08,3.1,6.4,1100,0,4
0.1,114.8,6.9,88.4,6,44,6,1.6,0.5,16,0,0.2,8.5,4.1,240,11.26086957,4
0.6,597,6.6,459.7,56,170,232,78.5,8.7,4,0.2,0.02,4.2,60.3,240,11.26086957,4
0.4,452,6.8,398,14,106,136,37.6,10.2,48,0.41,0.2,6.4,61.1,1100,0,4
77.7,758,6.5,583.7,20,80,275,53.7,34,174,0.65,4.6,4.03,53.1,240,0,4
39.5,226,7.2,174,10,110,110,40,2.4,26,0.1,0.6,2.8,9.8,1100,0,4
3.1,239,6,184,28,52,60,16,4.9,50,0,0.4,12.2,6.9,240,0,4
0.2,385,5.4,219.5,40,32,50,15.2,2.9,46,0.28,0.04,2.7,9.8,1100,11.26086957,4
3.5,265,5,204.1,74,22,32,8.8,2.4,22,0.42,0.58,4.9,11.9,1100,0,4
0.2,370,5.6,284.9,64,38,58,17.6,3.4,62,46,0.09,11.2,18.5,1100,0,4
89.2,233,5.6,179.4,50,42,42,13.6,1.9,48,0.39,4.9,10.8,11.3,1100,9,4
0.5,387,5.6,297.9,40,58,110,37.6,3.9,56,0.38,0.08,10.9,21.5,1100,9,4
0.1,170.6,6.6,131.4,12,38,22,7.2,0.97,28,0.27,0.02,2.6,2.8,1100,11.26086957,4
0.4,105,4.9,83.2,52,16,14,3.2,1.5,26,0.5,0.07,6.2,1.7,240,11.26086957,4
0.3,180.5,5,138.9,36,12,20,4.8,1.9,28,0.08,0.04,25.6,12.6,1100,11.26086957,4
2,200,5.8,154,30,32,38,9.6,3.4,46,0.2,0.69,12.4,8.9,1100,11.26086957,4
0.4,301,6.1,231.8,18,136,58,18.4,2.9,38,0,0.08,18.03,34.5,1100,11.26086957,4
4.3,909,7.2,699,22,130,294,76.9,24.8,138,0.18,0.68,3.1,50.6,1100,0,4
1,50.2,5.3,38.7,30,16,10,3.2,0.5,22,0.14,0.09,9.975805169,2.1,1100,0,4
0.6,53.6,6.5,41.3,8,22,14,4,0.97,22,0.19,0.1,3.2,3.2,240,11.26086957,4
0.4,87.1,4.9,67.1,43,10,14,3.2,1.5,28,0.2,0.06,9.975805169,4.5,1100,0,4
13,241,6.9,185.6,14,106,104,24,10.7,20,0.28,1.2,9.975805169,14.3,1100,0,4
0.2,46.9,7.4,36.1,6,28,6,1.6,0.5,16,0.21,0,9.975805169,2.6,1100,11.26086957,4
0.6,128.4,4.5,98.9,102,14,20,4,2.4,34,0.21,0.19,9.975805169,16.2,1100,0,4
1.2,360,7.3,231,20,36,86,22.4,7.3,86,0.42,0.37,9.975805169,9.03,95,11.26086957,4
0.9,60.6,5.8,46.7,30,22,22,6.4,1.5,20,0.21,0.28,9.975805169,8.5,23,0,4
2.3,378,6.3,291.1,28,72,74,16.8,7.8,17,0.46,0.3,9.975805169,28.5,1100,9,4
0.6,212,7.1,163.2,22,64,84,20.02,8.3,50,0.16,0.28,9.975805169,9.5,19,0,4
12,328,5.5,252.6,72,46,44,11.2,3.9,70,0.1,0.45,9.975805169,30.9,1100,0,4
0.9,378,6,291.1,66,104,92,28,5.3,42,0.11,0.1,9.975805169,14.1,1100,9,4
0.3,401,6.6,308.7,40,94,42,12.01,2.9,44,0.29,0.14,9.975805169,13.5,9,0,4
0.1,387,6.9,297.9,44,170,172,32.04,22.4,28,0.9,0.1,9.975805169,13.9,19,0,4
2.5,117.7,5.2,90.1,72,34,18,4,1.9,30,0.8,0.3,9.975805169,4.3,1100,23,4
0.8,317,6.8,244.1,52,100,138,16.02,23.8,20,0.46,0.18,9.975805169,5.5,19,11.26086957,4
2.8,388,5.7,298.8,30,52,62,23.2,0.97,48,0.5,0.42,0,13.9,1100,9,4
0.8,192.2,6.5,147.9,26,44,60,10.4,8.3,30,0.06,0.2,9.975805169,4.1,240,11.26086957,4
1.3,199.7,5.6,153.8,76,40,44,12,3.4,22,0.19,0.2,9.975805169,18.2,1100,12,4
1,399,6.7,307.2,40,200,174,40,17.9,24,0.04,0.16,9.975805169,21.5,1100,240,4
0.3,121.4,4.6,93.5,52,16,22,4,2.9,12,0.09,0.29,9.975805169,0.4,1100,11.26086957,4
0.5,449,6.8,345.73,20,48,54,12.8,3.3,60,0.49,0.2,9.975805169,14.6,1,11.26086957,4
0.7,502,6.1,386.5,72,100,144,29.6,17.01,58,0.37,0.3,9.975805169,13.4,1,0,4
0.4,441,6.6,339.5,20,46,58,16.8,3.9,28,0.7,0.29,9.975805169,9.5,1,11.26086957,4
1,158.5,5.5,122.04,46,20,24,4,3.4,42,0.06,0.2,9.975805169,1.03,1,11.26086957,4
1,202,5.8,155.5,52,32,46,8.8,5.8,40,0.19,0.28,9.975805169,16.9,1,0,4
0.1,2220,6.6,1709,24,100,430,84,53.5,400,0.67,0.07,9.975805169,86.9,1,0,4
1.3,286,6.2,220,40,64,80,26.4,3.4,40,0.49,0.38,9.975805169,2.7,1,0,4
3.1,337,7.2,259.5,42,96,120,23.2,17.5,30,0.41,0.39,9.975805169,8.2,1,0,4
3.5,47.2,6.8,36.3,20,24,16,4,1.5,20,0.03,0.55,9.975805169,0.9,1,1,4
1,101.1,5.8,77.8,52,38,36,7.2,4.4,20,0.19,0.27,9.975805169,0.6,240,11.26086957,4
47,293,5.8,225.6,36,40,72,19.2,5.8,72,0.42,2.6,9.975805169,18.6,1,0,4
12.3,570,6.5,438.9,74,120,132,29.6,14.1,56,0.31,1.3,9.975805169,12.7,1,1,4
3.9,283,6.6,217.9,44,60,72,23.2,3.4,32,0.09,0.67,9.975805169,7.7,1,0,4
1.5,80.9,5.3,62.2,30,24,22,4,4.3,28,0.2,0,9.975805169,0.3,1,0,4
0.1,131.5,5.6,101.2,48,26,36,13.6,2.4,24,0.1,0.3,9.975805169,6.4,1,0,4
3.6,647,7.1,498.1,40,176,170,34.4,20.4,54,0.07,0.85,9.975805169,34,1,0,4
20.4,819,6.8,630.6,46,168,200,56.1,14.6,70,0.31,1.7,9.975805169,148.3,1,1,4
0.4,195.6,4.6,150.6,48,16,38,10.4,2.9,38,0.15,0.3,9.975805169,9.2,19,0,4
0.5,984,7.4,757.7,40,108,216,66.5,12.2,202,0.39,0.22,9.975805169,17.6,1,0,4
0.6,394,6,303.4,38,52,100,24.03,16.02,80,0.9,0.21,9.975805169,7.2,1,0,4
0.1,21.1,5.6,16.2,52,18,24,4,3.4,22,0.04,0.3,9.975805169,1.2,1,11.26086957,4
0.4,222,5.6,170.4,48,32,54,13.6,4.9,42,0.18,0.29,9.975805169,9.1,1,11.26086957,4
0.3,77,6.5,59.29,8,24,16,4.8,0.9,28,0.26,0.29,2.08,4.2,1,11.26086957,4
0.8,124.7,5.7,96.01,54,26,34,6.4,4.4,30,0.14,0,9.975805169,4.2,1,0,4
3.1,131.5,6.5,101.3,14,30,50,14.4,3.4,26,0.59,0.4,9.975805169,3.4,1,0,4
17.7,738,6.9,568.3,46,116,206,39.2,26.2,136,0.7,0.1,9.975805169,19.8,1,1,4
0.3,60.7,4.6,46.7,52,14,24,4.8,2.9,26,0.08,0.19,9.975805169,1,1,11.26086957,4
0.3,114.6,5.2,38.2,40,24,30,8.01,2.43,30,0.12,0.22,9.975805169,3.4,1,11.26086957,4
0.1,209,5.7,160.9,30,38,68,14.4,7.8,40,0.15,0.14,9.975805169,5.1,1,11.26086957,4
0.2,408,6.1,314.2,42,82,128,24.03,16.5,50,0.38,0.2,9.975805169,8.2,1,11.26086957,4
2.1,137.6,7.2,1059.5,38,88,180,22.4,30,336,0.38,0.4,9.975805169,36.8,1,11.26086957,4
0.2,350,3.9,269.5,100,16,86,20.8,8.3,36,0.09,0.16,9.975805169,8.9,1,0,4